prices,market_caps,total_volumes
"[1703808000000, 0.9985208568659636]","[1703808000000, 24842761005.006287]","[1703808000000, 12975554197.33778]"
"[1703894400000, 1.0010015392197682]","[1703894400000, 24770043132.20199]","[1703894400000, 12381465133.775234]"
"[1703980800000, 1.000249526788398]","[1703980800000, 24659690975.2605]","[1703980800000, 7225307166.093836]"
"[1704067200000, 0.9992620395759492]","[1704067200000, 24493495655.703823]","[1704067200000, 7022025277.52882]"
"[1704153600000, 1.0012612827360468]","[1704153600000, 24564299188.851067]","[1704153600000, 6496000093.772477]"
"[1704240000000, 1.0021169087948028]","[1704240000000, 24792052249.94927]","[1704240000000, 9928602062.973177]"
"[1704326400000, 1.0004305342941704]","[1704326400000, 24996243000.111553]","[1704326400000, 15437266004.136814]"
"[1704412800000, 0.9998655897438645]","[1704412800000, 25128587806.84462]","[1704412800000, 8887076228.463472]"
"[1704499200000, 1.0005051230167286]","[1704499200000, 25398486592.85844]","[1704499200000, 9852949834.140745]"
"[1704585600000, 1.0006983924432251]","[1704585600000, 25419111813.414494]","[1704585600000, 3911187479.5294333]"
"[1704672000000, 1.0020608542016898]","[1704672000000, 25416437623.899353]","[1704672000000, 4972413151.582182]"
"[1704758400000, 0.999866409706461]","[1704758400000, 25359430366.032196]","[1704758400000, 12847757603.249474]"
"[1704844800000, 0.999725176146972]","[1704844800000, 25215666922.774128]","[1704844800000, 14232350892.502556]"
"[1704931200000, 1.0003198795419097]","[1704931200000, 25291406986.030018]","[1704931200000, 22921700629.929928]"
"[1705017600000, 0.99927907869047]","[1705017600000, 25286028707.85368]","[1705017600000, 20827456727.214252]"
"[1705104000000, 1.0020603541915507]","[1705104000000, 25390042131.5325]","[1705104000000, 20813628820.71667]"
"[1705190400000, 1.0005078612396165]","[1705190400000, 25476679495.859955]","[1705190400000, 9229116500.481989]"
"[1705276800000, 1.0002384177342825]","[1705276800000, 25508991917.826447]","[1705276800000, 7506736257.340918]"
"[1705363200000, 1.0007582190465116]","[1705363200000, 25494823062.751854]","[1705363200000, 8962597080.20899]"
"[1705449600000, 0.9998900765611766]","[1705449600000, 25436193578.53815]","[1705449600000, 9177159304.165846]"
"[1705536000000, 1.0002225110592935]","[1705536000000, 25697140663.483807]","[1705536000000, 8299700374.049229]"
"[1705622400000, 1.0000929533497358]","[1705622400000, 25632873599.918034]","[1705622400000, 8799639218.363684]"
"[1705708800000, 0.9998423822380187]","[1705708800000, 25524310090.126728]","[1705708800000, 7508298350.266515]"
"[1705795200000, 0.9988183016192916]","[1705795200000, 25716146840.590157]","[1705795200000, 2637646167.641396]"
"[1705881600000, 1.00031838277386]","[1705881600000, 25784105675.966854]","[1705881600000, 2297870139.3339405]"
"[1705968000000, 0.9981481365513439]","[1705968000000, 25616692818.494576]","[1705968000000, 7832967384.459947]"
"[1706054400000, 1.0017963957866747]","[1706054400000, 25729582053.777477]","[1706054400000, 7573674369.094576]"
"[1706140800000, 1.0004015025135513]","[1706140800000, 25853040903.380466]","[1706140800000, 5204068449.423702]"
"[1706227200000, 1.0009794080707999]","[1706227200000, 26004553962.002865]","[1706227200000, 5244170171.506042]"
"[1706313600000, 1.000369584919731]","[1706313600000, 26102844699.816437]","[1706313600000, 5560813954.091017]"
"[1706400000000, 0.9997236383785643]","[1706400000000, 26127764448.407356]","[1706400000000, 2420817618.2172427]"
"[1706486400000, 1.0003065400503497]","[1706486400000, 26149631833.412655]","[1706486400000, 3847040753.5795937]"
"[1706572800000, 1.0001217630128336]","[1706572800000, 26431761377.068874]","[1706572800000, 5404337729.735956]"
"[1706659200000, 1.001359108347824]","[1706659200000, 26705653502.679237]","[1706659200000, 5893736602.344043]"
"[1706745600000, 0.9994576418099828]","[1706745600000, 26818570042.819622]","[1706745600000, 7252857534.707527]"
"[1706832000000, 1.0002545930342963]","[1706832000000, 26837075556.169697]","[1706832000000, 5454466160.950934]"
"[1706918400000, 1.000450440689929]","[1706918400000, 27020270935.441868]","[1706918400000, 4929322634.15628]"
"[1707004800000, 1.0001295034467486]","[1707004800000, 27060629792.424404]","[1707004800000, 2511988190.502371]"
"[1707091200000, 1.0003949103482508]","[1707091200000, 27108086552.33852]","[1707091200000, 2793345431.1699862]"
"[1707177600000, 1.0004485731243355]","[1707177600000, 27045855189.54642]","[1707177600000, 4026786296.0271087]"
"[1707264000000, 0.9999701274410304]","[1707264000000, 27311607280.71771]","[1707264000000, 4651261362.781166]"
"[1707350400000, 0.9999322432981945]","[1707350400000, 27517743669.052616]","[1707350400000, 6035002702.8421955]"
"[1707436800000, 0.9996890554751614]","[1707436800000, 27730047415.87497]","[1707436800000, 7139178036.889456]"
"[1707523200000, 0.9997451966873131]","[1707523200000, 27927217749.154057]","[1707523200000, 8726462338.250057]"
"[1707609600000, 0.9997631134758435]","[1707609600000, 27961853335.401783]","[1707609600000, 3992169785.596879]"
"[1707696000000, 1.0002801644481514]","[1707696000000, 27931484484.39316]","[1707696000000, 3704407733.6671963]"
"[1707782400000, 0.9997098337098012]","[1707782400000, 27813986835.405506]","[1707782400000, 7121056391.828088]"
"[1707868800000, 1.0017243675677439]","[1707868800000, 27890207368.20808]","[1707868800000, 7506397897.969434]"
"[1707955200000, 0.9987759236306009]","[1707955200000, 27971692430.678356]","[1707955200000, 7217225081.3666725]"
"[1708041600000, 0.9996929888012945]","[1708041600000, 28104474168.434303]","[1708041600000, 7784501633.636168]"
"[1708128000000, 0.9995170267359941]","[1708128000000, 28101396698.921608]","[1708128000000, 6501939246.965979]"
"[1708214400000, 0.9992012166004468]","[1708214400000, 28110334758.48357]","[1708214400000, 4645474613.815876]"
"[1708300800000, 1.0005650169766902]","[1708300800000, 28101955808.315136]","[1708300800000, 3633842701.7811594]"
"[1708387200000, 0.9996163729275022]","[1708387200000, 28031880761.50019]","[1708387200000, 5271972195.240141]"
"[1708473600000, 1.0008645630143749]","[1708473600000, 28044634163.45055]","[1708473600000, 8368393518.323251]"
"[1708560000000, 1.0008519781494791]","[1708560000000, 28111226974.47282]","[1708560000000, 7372389601.739792]"
"[1708646400000, 1.0005908060606956]","[1708646400000, 28025722760.540943]","[1708646400000, 7620973556.682679]"
"[1708732800000, 1.0000181458239128]","[1708732800000, 28156799635.566566]","[1708732800000, 5448680508.015952]"
"[1708819200000, 0.9993245953622231]","[1708819200000, 28121822743.727516]","[1708819200000, 3281539047.3451962]"
"[1708905600000, 0.9998492884994634]","[1708905600000, 28184932509.536457]","[1708905600000, 3324659847.38027]"
"[1708992000000, 0.9991893791419076]","[1708992000000, 28486266050.61408]","[1708992000000, 7047748910.865513]"
"[1709078400000, 1.0002735447288795]","[1709078400000, 28523776208.772926]","[1709078400000, 7971837297.613642]"
"[1709164800000, 1.0007951405171671]","[1709164800000, 28708849724.96432]","[1709164800000, 12814017234.023533]"
"[1709251200000, 0.9988556322506584]","[1709251200000, 28737795515.852936]","[1709251200000, 12244909370.682554]"
"[1709337600000, 0.99854449917865]","[1709337600000, 28988023972.84109]","[1709337600000, 7660939365.938427]"
"[1709424000000, 1.0000099046441098]","[1709424000000, 29024244865.913742]","[1709424000000, 4909805846.434125]"
"[1709510400000, 1.0006928975223515]","[1709510400000, 29005491998.79938]","[1709510400000, 5854260547.759419]"
"[1709596800000, 1.0014115041241318]","[1709596800000, 28909521080.60215]","[1709596800000, 11721575788.21747]"
"[1709683200000, 1.0028504598140542]","[1709683200000, 28863658730.968666]","[1709683200000, 18668381679.140995]"
"[1709769600000, 1.0004843898901359]","[1709769600000, 29178220261.688828]","[1709769600000, 12765079825.078936]"
"[1709856000000, 0.9987762670873873]","[1709856000000, 29285124724.2635]","[1709856000000, 8670747229.893074]"
"[1709942400000, 1.000684772314113]","[1709942400000, 29970583776.14802]","[1709942400000, 10313587221.820099]"
"[1710028800000, 1.0003208094540164]","[1710028800000, 30009494581.934654]","[1710028800000, 4744777212.726708]"
"[1710115200000, 1.0009186593839312]","[1710115200000, 30181778283.156334]","[1710115200000, 6326756181.606786]"
"[1710201600000, 0.9993823826255841]","[1710201600000, 30448288035.573303]","[1710201600000, 13129479021.108736]"
"[1710288000000, 1.0008573826822853]","[1710288000000, 30400676482.708103]","[1710288000000, 10574222114.806692]"
"[1710374400000, 1.000668645522981]","[1710374400000, 30811279025.47295]","[1710374400000, 8951009246.582603]"
"[1710460800000, 0.999156475073843]","[1710460800000, 30584241101.09152]","[1710460800000, 11100266833.702097]"
"[1710547200000, 0.9990936664098659]","[1710547200000, 30773017722.58478]","[1710547200000, 16658776092.597391]"
"[1710633600000, 0.9984746007933034]","[1710633600000, 30874004417.242188]","[1710633600000, 11398685261.751991]"
"[1710720000000, 1.0005927166205375]","[1710720000000, 30886917866.66553]","[1710720000000, 11248982175.583803]"
"[1710806400000, 0.9991002742522294]","[1710806400000, 30988716071.081455]","[1710806400000, 11888459193.966682]"
"[1710892800000, 0.9977078291091114]","[1710892800000, 31256595649.824825]","[1710892800000, 14534405217.874683]"
"[1710979200000, 1.0003526185461837]","[1710979200000, 31407655538.378696]","[1710979200000, 14993108755.206661]"
"[1711065600000, 1.0011099427529855]","[1711065600000, 31894564384.936077]","[1711065600000, 10266375626.881332]"
"[1711152000000, 1.0004411742832555]","[1711152000000, 31996066949.858196]","[1711152000000, 9566842109.07587]"
"[1711238400000, 0.9990664661115882]","[1711238400000, 32009320838.52315]","[1711238400000, 4645743366.366355]"
"[1711324800000, 0.9999453523411093]","[1711324800000, 32044215217.885967]","[1711324800000, 5149486512.160312]"
"[1711411200000, 1.0005787909745587]","[1711411200000, 32181228113.675804]","[1711411200000, 8311288744.231974]"
"[1711497600000, 0.9999675459066995]","[1711497600000, 32247836171.99082]","[1711497600000, 8587868347.693143]"
"[1711584000000, 1.002630142657458]","[1711584000000, 32146805257.105923]","[1711584000000, 9530825749.653988]"
"[1711670400000, 0.9990718248770112]","[1711670400000, 32427222481.727165]","[1711670400000, 8099439938.867536]"
"[1711756800000, 0.9998857912900128]","[1711756800000, 32433889043.721783]","[1711756800000, 7180982024.099855]"
"[1711843200000, 1.0002608623311338]","[1711843200000, 32460741764.57927]","[1711843200000, 5168612946.742212]"
"[1711929600000, 0.9998785322687238]","[1711929600000, 32388206506.35532]","[1711929600000, 4868746637.782813]"
"[1712016000000, 0.9996058887659534]","[1712016000000, 32627669901.21162]","[1712016000000, 8828028237.225025]"
"[1712102400000, 0.9993357133367974]","[1712102400000, 32751475130.816895]","[1712102400000, 13085122120.257874]"
"[1712188800000, 0.9997542196599714]","[1712188800000, 32876497719.41261]","[1712188800000, 9508196461.554867]"
"[1712275200000, 1.0010059875486195]","[1712275200000, 33042630684.61992]","[1712275200000, 11606472414.432016]"
"[1712361600000, 0.998893992078239]","[1712361600000, 32959702181.76432]","[1712361600000, 14453026413.202213]"
"[1712448000000, 0.9979720313922731]","[1712448000000, 32938114837.416756]","[1712448000000, 7897399045.846502]"
"[1712534400000, 0.9998282683645405]","[1712534400000, 32969896796.138985]","[1712534400000, 4422441550.484273]"
"[1712620800000, 0.9994821029854005]","[1712620800000, 32588939051.00912]","[1712620800000, 6810155956.447629]"
"[1712707200000, 1.0008344967684975]","[1712707200000, 32324466864.35731]","[1712707200000, 7623151960.841193]"
"[1712793600000, 0.9995698086418454]","[1712793600000, 32181971707.52667]","[1712793600000, 6260924899.017305]"
"[1712880000000, 1.0009584216769183]","[1712880000000, 32222451399.622513]","[1712880000000, 5480105242.848319]"
"[1712966400000, 1.001301537692703]","[1712966400000, 31954715645.28536]","[1712966400000, 8157022486.997994]"
"[1713052800000, 0.9989590433955962]","[1713052800000, 32081468162.3483]","[1713052800000, 9356924579.73989]"
"[1713139200000, 1.0003755218380892]","[1713139200000, 32268256090.337708]","[1713139200000, 9379983999.25297]"
"[1713225600000, 1.0007005573707544]","[1713225600000, 32413375843.188736]","[1713225600000, 9859974452.519487]"
"[1713312000000, 0.9997843111667783]","[1713312000000, 32587980460.82024]","[1713312000000, 9466825927.106438]"
"[1713398400000, 1.0000446110417902]","[1713398400000, 32522808875.183323]","[1713398400000, 8992435162.771019]"
"[1713484800000, 0.9998295542826033]","[1713484800000, 33046053379.319664]","[1713484800000, 9029975339.848408]"
"[1713571200000, 1.0007529878463524]","[1713571200000, 33914604456.971947]","[1713571200000, 11719105721.671011]"
"[1713657600000, 0.9998126532672259]","[1713657600000, 33947195928.801216]","[1713657600000, 5897609773.957903]"
"[1713744000000, 0.9997240622410508]","[1713744000000, 33932246307.402477]","[1713744000000, 4459701240.039042]"
"[1713830400000, 0.9997237361774048]","[1713830400000, 33798041789.988697]","[1713830400000, 7151349636.51548]"
"[1713916800000, 1.0000677155412663]","[1713916800000, 33632083380.798374]","[1713916800000, 5815631982.368642]"
"[1714003200000, 1.000576595075879]","[1714003200000, 33424671604.66081]","[1714003200000, 6850180549.613599]"
"[1714089600000, 0.9999477833165165]","[1714089600000, 33352434130.74093]","[1714089600000, 7598088550.814879]"
"[1714176000000, 0.9999688069021468]","[1714176000000, 33372364894.584785]","[1714176000000, 6738292988.241742]"
"[1714262400000, 1.0003236783037543]","[1714262400000, 33498303948.81482]","[1714262400000, 3805967605.89483]"
"[1714348800000, 1.0000272077735815]","[1714348800000, 33510299795.54944]","[1714348800000, 3981046636.4478655]"
"[1714435200000, 0.999480370932295]","[1714435200000, 33307408955.78373]","[1714435200000, 7321272482.952182]"
"[1714521600000, 1.0000216467689678]","[1714521600000, 33207618056.922943]","[1714521600000, 9976170263.28931]"
"[1714608000000, 0.9995970736066628]","[1714608000000, 32986193179.8072]","[1714608000000, 10595732036.928492]"
"[1714694400000, 0.9999880404869849]","[1714694400000, 33110451072.715225]","[1714694400000, 8034678734.600687]"
"[1714780800000, 0.9995146275337182]","[1714780800000, 33242855123.51327]","[1714780800000, 7940761463.541298]"
"[1714867200000, 0.9996843703244029]","[1714867200000, 33553569011.802853]","[1714867200000, 5986882626.420452]"
"[1714953600000, 1.0001045522244891]","[1714953600000, 33590213411.49351]","[1714953600000, 3933147203.1092935]"
"[1715040000000, 0.9997641074327495]","[1715040000000, 33236464970.794754]","[1715040000000, 6272847364.801106]"
"[1715126400000, 0.9996620071276179]","[1715126400000, 33227726880.12755]","[1715126400000, 5532542018.4028425]"
"[1715212800000, 1.000396401292404]","[1715212800000, 33103278114.40011]","[1715212800000, 5486578855.598367]"
"[1715299200000, 1.0009659474909123]","[1715299200000, 33100966961.270668]","[1715299200000, 5762939197.878048]"
"[1715385600000, 0.9999613045504853]","[1715385600000, 33104074657.937294]","[1715385600000, 6085824820.464281]"
"[1715472000000, 0.9999009830926937]","[1715472000000, 33125559801.242794]","[1715472000000, 2915908575.6465807]"
"[1715558400000, 1.000153174362596]","[1715558400000, 33130326364.133415]","[1715558400000, 2522959301.492134]"
"[1715644800000, 1.0001331678759415]","[1715644800000, 33109966184.637753]","[1715644800000, 6013844967.911094]"
"[1715731200000, 0.9999769501894079]","[1715731200000, 32885552556.55211]","[1715731200000, 5094136102.85385]"
"[1715817600000, 0.9995972442146578]","[1715817600000, 33258596927.47394]","[1715817600000, 7426871226.246292]"
"[1715904000000, 0.999705926519625]","[1715904000000, 33317330060.367905]","[1715904000000, 5894954047.759156]"
"[1715990400000, 1.000915467738462]","[1715990400000, 33425258850.840664]","[1715990400000, 5949212297.744135]"
"[1716076800000, 0.9992520821202258]","[1716076800000, 33496396319.94414]","[1716076800000, 3509986531.7970905]"
"[1716163200000, 0.9999697955329253]","[1716163200000, 33491726749.433327]","[1716163200000, 2722596364.8846602]"
"[1716249600000, 1.0001666047384281]","[1716249600000, 33337716939.73638]","[1716249600000, 8073350588.514455]"
"[1716336000000, 0.9997352955390022]","[1716336000000, 33060634448.426258]","[1716336000000, 10850435569.773418]"
"[1716422400000, 1.0002443683877926]","[1716422400000, 33090585885.786343]","[1716422400000, 8142382367.670843]"
"[1716508800000, 1.0004499004289171]","[1716508800000, 32804752867.013706]","[1716508800000, 11635535164.130552]"
"[1716595200000, 0.9997866334171746]","[1716595200000, 32729172469.6663]","[1716595200000, 7497024388.33866]"
"[1716681600000, 1.000047693503073]","[1716681600000, 32709493598.60838]","[1716681600000, 2590323918.816366]"
"[1716768000000, 1.0002005454617588]","[1716768000000, 32677165432.273563]","[1716768000000, 3911951139.004036]"
"[1716854400000, 1.000175974088875]","[1716854400000, 32567668884.315937]","[1716854400000, 5497210443.396899]"
"[1716940800000, 0.999779802590921]","[1716940800000, 32306841841.668]","[1716940800000, 6596527209.165338]"
"[1717027200000, 0.9999540243191429]","[1717027200000, 32190529642.175743]","[1717027200000, 6495631951.52151]"
"[1717113600000, 1.0000252946592887]","[1717113600000, 32375963767.36064]","[1717113600000, 5859923705.740573]"
"[1717200000000, 1.000072759488849]","[1717200000000, 32396923635.40512]","[1717200000000, 6117656068.751579]"
"[1717286400000, 1.0000752098229417]","[1717286400000, 32367745923.511276]","[1717286400000, 2156865106.9529204]"
"[1717372800000, 0.9996041623317367]","[1717372800000, 32354357472.97462]","[1717372800000, 2977929503.6069107]"
"[1717459200000, 1.000167721903279]","[1717459200000, 32339406177.512463]","[1717459200000, 5522079759.472632]"
"[1717545600000, 1.0002330389133185]","[1717545600000, 32390252775.938297]","[1717545600000, 5662822141.287573]"
"[1717632000000, 1.0003223002555666]","[1717632000000, 32520410551.829185]","[1717632000000, 5738253847.646313]"
"[1717718400000, 0.9999327631099242]","[1717718400000, 32541973946.83719]","[1717718400000, 4956356084.869795]"
"[1717804800000, 0.9999853410555382]","[1717804800000, 32227451040.462193]","[1717804800000, 6497660769.421681]"
"[1717891200000, 1.0000120523410612]","[1717891200000, 32175456489.281895]","[1717891200000, 2460986055.626321]"
"[1717977600000, 1.0000735523454782]","[1717977600000, 32222464556.475967]","[1717977600000, 1888834436.9345665]"
"[1718064000000, 1.0002268238369199]","[1718064000000, 32110381804.99715]","[1718064000000, 4518432577.3367195]"
"[1718150400000, 0.9998926788860648]","[1718150400000, 32134142046.61393]","[1718150400000, 7815131132.797979]"
"[1718236800000, 0.9999272970454216]","[1718236800000, 32405579327.558155]","[1718236800000, 6780689044.050485]"
"[1718323200000, 0.9991055708847235]","[1718323200000, 32545946008.53133]","[1718323200000, 6673078285.971302]"
"[1718409600000, 0.9999046452035499]","[1718409600000, 32411194691.532806]","[1718409600000, 6583050835.879144]"
"[1718496000000, 1.0000088346128633]","[1718496000000, 32434944846.75699]","[1718496000000, 2393028201.557499]"
"[1718582400000, 0.9998019069777627]","[1718582400000, 32518980743.47946]","[1718582400000, 2262127767.1450024]"
"[1718668800000, 1.0002889643534434]","[1718668800000, 32483099463.16918]","[1718668800000, 6225755299.224876]"
"[1718755200000, 1.0003788641569324]","[1718755200000, 32796330231.745274]","[1718755200000, 8300543690.765007]"
"[1718841600000, 1.0002401549220412]","[1718841600000, 32828754602.87809]","[1718841600000, 4991616996.163484]"
"[1718928000000, 0.9994757337877012]","[1718928000000, 32649173401.827934]","[1718928000000, 6214911615.094172]"
"[1719014400000, 1.0000289450109228]","[1719014400000, 32719370077.794773]","[1719014400000, 6032675490.0430975]"
"[1719100800000, 0.9999065906858174]","[1719100800000, 32740612029.131588]","[1719100800000, 1233620493.154353]"
"[1719187200000, 0.9993831751599982]","[1719187200000, 32706221399.23945]","[1719187200000, 2579427090.5592365]"
"[1719273600000, 1.0003511060969674]","[1719273600000, 32550716328.692104]","[1719273600000, 9683244445.015577]"
"[1719360000000, 1.000294809182594]","[1719360000000, 32842736236.71456]","[1719360000000, 7222420375.122979]"
"[1719446400000, 0.9997564040674315]","[1719446400000, 32968624993.005756]","[1719446400000, 5445061463.056809]"
"[1719532800000, 0.9998441728614867]","[1719532800000, 32643723698.159283]","[1719532800000, 5537998194.165316]"
"[1719619200000, 0.9998633594129892]","[1719619200000, 32332465390.699158]","[1719619200000, 6389028126.859036]"
"[1719705600000, 0.9996667615090291]","[1719705600000, 32264498272.947235]","[1719705600000, 2395503739.9698]"
"[1719792000000, 1.000064701904045]","[1719792000000, 32257129043.1899]","[1719792000000, 3649775713.677381]"
"[1719878400000, 0.9998507188251861]","[1719878400000, 32530200034.559124]","[1719878400000, 4829927567.549955]"
"[1719964800000, 1.0000519107012735]","[1719964800000, 32558836565.446613]","[1719964800000, 4572564246.706621]"
"[1720051200000, 1.0001913130675815]","[1720051200000, 32766506993.415108]","[1720051200000, 6378816778.673878]"
"[1720137600000, 1.0001558638668513]","[1720137600000, 32907808848.430035]","[1720137600000, 8727349730.136827]"
"[1720224000000, 1.0002182158988744]","[1720224000000, 33591923641.037174]","[1720224000000, 11475457007.209631]"
"[1720310400000, 1.0002231358147315]","[1720310400000, 33703986242.635845]","[1720310400000, 4057985221.034304]"
"[1720396800000, 0.9992632456785758]","[1720396800000, 33680777616.221905]","[1720396800000, 3860798394.273835]"
"[1720483200000, 0.9998164529247211]","[1720483200000, 33947252692.620373]","[1720483200000, 9390784542.314909]"
"[1720569600000, 0.9997244321728215]","[1720569600000, 33960471033.89832]","[1720569600000, 6261034606.102539]"
"[1720656000000, 0.9997602656825063]","[1720656000000, 34133051971.970287]","[1720656000000, 5905311872.340413]"
"[1720742400000, 1.0006825244111999]","[1720742400000, 33929006289.833763]","[1720742400000, 7221983144.612951]"
"[1720828800000, 1.0001271779855745]","[1720828800000, 33796632282.16462]","[1720828800000, 6705167986.837045]"
"[1720915200000, 0.9995459387143509]","[1720915200000, 33922415938.53048]","[1720915200000, 3178337502.3884597]"
"[1721001600000, 0.9996649425126811]","[1721001600000, 33939541691.218075]","[1721001600000, 5274338709.337865]"
"[1721088000000, 1.000522617965463]","[1721088000000, 33940211730.952957]","[1721088000000, 9328698879.836332]"
"[1721174400000, 1.000066008283104]","[1721174400000, 33946061376.831493]","[1721174400000, 9521526826.473394]"
"[1721260800000, 0.9992066182764214]","[1721260800000, 33756217830.040688]","[1721260800000, 7213209109.230143]"
"[1721347200000, 0.9997807742986011]","[1721347200000, 33706333817.135723]","[1721347200000, 6851438126.878446]"
"[1721433600000, 0.999828808604968]","[1721433600000, 33930661962.985203]","[1721433600000, 9029503248.47471]"
"[1721520000000, 1.000019330539315]","[1721520000000, 34120490831.497093]","[1721520000000, 4705622296.886906]"
"[1721606400000, 1.000792829451396]","[1721606400000, 33997779598.598724]","[1721606400000, 6060713796.792852]"
"[1721692800000, 1.000048487052267]","[1721692800000, 33988258469.717003]","[1721692800000, 7456397242.011605]"
"[1721779200000, 0.9999775977883459]","[1721779200000, 34161985102.98623]","[1721779200000, 9829584797.519604]"
"[1721865600000, 1.0002425014351]","[1721865600000, 34057939658.860626]","[1721865600000, 6586085980.164737]"
"[1721952000000, 1.0003117335411313]","[1721952000000, 33812969834.11484]","[1721952000000, 9044021805.170502]"
"[1722038400000, 1.0002400697376446]","[1722038400000, 34121914557.41266]","[1722038400000, 6743697569.03969]"
"[1722124800000, 0.9998183124146803]","[1722124800000, 34148847760.152462]","[1722124800000, 6281648862.110793]"
"[1722211200000, 1.0002056974211768]","[1722211200000, 34163652432.98463]","[1722211200000, 3127832318.700035]"
"[1722297600000, 0.998970257943297]","[1722297600000, 33743476420.6135]","[1722297600000, 8493397572.16685]"
"[1722384000000, 1.0000066789027011]","[1722384000000, 33470597704.766117]","[1722384000000, 6656722954.818946]"
"[1722470400000, 1.0002127727510253]","[1722470400000, 33320722189.59782]","[1722470400000, 7697827870.169381]"
"[1722556800000, 1.0002131322368477]","[1722556800000, 32990961503.7388]","[1722556800000, 8961210420.421759]"
"[1722643200000, 0.9996822536681171]","[1722643200000, 32997407960.663906]","[1722643200000, 10557254003.58273]"
"[1722729600000, 1.0003150811668793]","[1722729600000, 33109726376.031517]","[1722729600000, 7492870206.059289]"
"[1722816000000, 0.9974063695179783]","[1722816000000, 33250262887.172157]","[1722816000000, 8102655059.326501]"
"[1722902400000, 0.9981750485482495]","[1722902400000, 33722574523.86914]","[1722902400000, 33842268584.85729]"
"[1722988800000, 0.9996300991395922]","[1722988800000, 34105143712.2691]","[1722988800000, 13273035489.49085]"
"[1723075200000, 0.9999168927733021]","[1723075200000, 34552103327.918884]","[1723075200000, 11973111775.031294]"
"[1723161600000, 1.0007041051467132]","[1723161600000, 34510958139.30675]","[1723161600000, 10766206251.391222]"
"[1723248000000, 1.0015230927667234]","[1723248000000, 34494714102.586494]","[1723248000000, 8063693290.604108]"
"[1723334400000, 0.999971946319846]","[1723334400000, 34459345223.675644]","[1723334400000, 3337627534.8256183]"
"[1723420800000, 0.9998327048954654]","[1723420800000, 34424689235.3893]","[1723420800000, 5404392940.796419]"
"[1723507200000, 0.9999749316681444]","[1723507200000, 34484174562.353294]","[1723507200000, 9525369539.766716]"
"[1723593600000, 1.000494354053883]","[1723593600000, 34503458148.94916]","[1723593600000, 7158914757.524794]"
"[1723680000000, 0.9998513433749905]","[1723680000000, 34475527733.251366]","[1723680000000, 8083846534.971774]"
"[1723766400000, 0.9999550078237077]","[1723766400000, 34565781474.97414]","[1723766400000, 9271354504.888111]"
"[1723852800000, 0.9995043522932678]","[1723852800000, 34824646496.88742]","[1723852800000, 6471552117.445408]"
"[1723939200000, 0.9999261819411789]","[1723939200000, 34831557662.66323]","[1723939200000, 2443376686.022407]"
"[1724025600000, 0.9982836929937033]","[1724025600000, 34777228769.650826]","[1724025600000, 3801519541.683545]"
"[1724112000000, 1.0008286491786633]","[1724112000000, 34936724218.78485]","[1724112000000, 6140772523.882849]"
"[1724198400000, 0.9996452610352657]","[1724198400000, 34771665385.77697]","[1724198400000, 6347470128.464944]"
"[1724284800000, 1.000055210774359]","[1724284800000, 34836415291.06964]","[1724284800000, 5509141216.163495]"
"[1724371200000, 1.0000208966261164]","[1724371200000, 34706748649.24241]","[1724371200000, 5740739712.213068]"
"[1724457600000, 1.0003802095397256]","[1724457600000, 34813574600.931145]","[1724457600000, 11332536890.201494]"
"[1724544000000, 1.0008818387516987]","[1724544000000, 34870903062.71806]","[1724544000000, 4822919359.657136]"
"[1724630400000, 0.9993238872029346]","[1724630400000, 34791722869.206245]","[1724630400000, 3992906074.9416437]"
"[1724716800000, 0.9994260436156966]","[1724716800000, 34552804325.29511]","[1724716800000, 6192297519.886474]"
"[1724803200000, 0.9995430617543083]","[1724803200000, 34315752061.61496]","[1724803200000, 7732382422.333858]"
"[1724889600000, 0.999362925282648]","[1724889600000, 34459204036.4102]","[1724889600000, 9017319444.624199]"
"[1724976000000, 0.9996265670850318]","[1724976000000, 34671531089.8631]","[1724976000000, 6998397625.177842]"
"[1725062400000, 1.0000452685213401]","[1725062400000, 34747703814.15437]","[1725062400000, 6604393719.97241]"
"[1725148800000, 0.9999075691115777]","[1725148800000, 34724859508.11116]","[1725148800000, 1874431278.6744077]"
"[1725235200000, 1.0003254984710266]","[1725235200000, 34753454088.9789]","[1725235200000, 4422061215.614328]"
"[1725321600000, 1.0000893345569937]","[1725321600000, 34765849238.28126]","[1725321600000, 5227362143.726706]"
"[1725408000000, 0.9985249237550659]","[1725408000000, 34564791785.33271]","[1725408000000, 5021098129.810639]"
"[1725494400000, 0.9999808607316534]","[1725494400000, 34902055785.8228]","[1725494400000, 7505504450.14562]"
"[1725580800000, 1.0000948035837076]","[1725580800000, 34929814803.672295]","[1725580800000, 6108237366.038981]"
"[1725667200000, 0.9998896048851994]","[1725667200000, 34868344534.03218]","[1725667200000, 11348369187.093077]"
"[1725753600000, 1.0000523627293116]","[1725753600000, 34958889878.54285]","[1725753600000, 3792706349.922459]"
"[1725840000000, 0.999430382055058]","[1725840000000, 34971059795.61854]","[1725840000000, 4020835847.9981475]"
"[1725926400000, 0.9993874340276918]","[1725926400000, 35143085582.60069]","[1725926400000, 7890251149.711825]"
"[1726012800000, 0.999840873266607]","[1726012800000, 35331161068.17925]","[1726012800000, 5475604264.1176605]"
"[1726099200000, 0.9995430456713316]","[1726099200000, 35384039419.04783]","[1726099200000, 7619967380.033855]"
"[1726185600000, 0.9995209013161398]","[1726185600000, 35402218346.253105]","[1726185600000, 6257696848.275665]"
"[1726272000000, 0.9999736104352137]","[1726272000000, 35781691916.97525]","[1726272000000, 7701875936.506458]"
"[1726358400000, 0.9999874802379625]","[1726358400000, 35751155721.41518]","[1726358400000, 3267290563.825146]"
"[1726444800000, 1.0003479268117348]","[1726444800000, 35734339821.33877]","[1726444800000, 3714864332.3557134]"
"[1726531200000, 0.9993915988605206]","[1726531200000, 35445097820.625786]","[1726531200000, 7073994590.154075]"
"[1726617600000, 0.9999532307599716]","[1726617600000, 35629551762.33819]","[1726617600000, 7315064508.793847]"
"[1726704000000, 1.0013593506674237]","[1726704000000, 35540249254.35331]","[1726704000000, 8130766341.379252]"
"[1726790400000, 0.9998320340264454]","[1726790400000, 35606165703.314514]","[1726790400000, 8066346405.033025]"
"[1726876800000, 0.9999894140402079]","[1726876800000, 35807440399.71043]","[1726876800000, 7053782558.9177]"
"[1726963200000, 0.9999294019104243]","[1726963200000, 35842497426.290565]","[1726963200000, 2814118941.9766593]"
"[1727049600000, 1.0001009661280085]","[1727049600000, 35933160701.080666]","[1727049600000, 4165517138.5538936]"
"[1727136000000, 1.0001355902471272]","[1727136000000, 35869086019.77315]","[1727136000000, 5700211955.764803]"
"[1727222400000, 0.9999250935624815]","[1727222400000, 35999493461.12844]","[1727222400000, 7320077356.860167]"
"[1727308800000, 1.0006716687519257]","[1727308800000, 36086801768.21062]","[1727308800000, 5705562153.371714]"
"[1727395200000, 0.9999556186374198]","[1727395200000, 36288681074.939224]","[1727395200000, 8291342188.73891]"
"[1727481600000, 1.000494901003036]","[1727481600000, 36251017890.74155]","[1727481600000, 6749167281.247645]"
"[1727568000000, 1.0003095387800485]","[1727568000000, 36333264088.835884]","[1727568000000, 2944515582.1599965]"
"[1727654400000, 0.9997780352127293]","[1727654400000, 36242038149.597855]","[1727654400000, 3126111220.091808]"
"[1727740800000, 1.0005102964383812]","[1727740800000, 35597713928.956406]","[1727740800000, 7197096590.503154]"
"[1727827200000, 0.9995331138111485]","[1727827200000, 35465232316.92289]","[1727827200000, 13425656369.071873]"
"[1727913600000, 0.9999891221402092]","[1727913600000, 35539041733.48797]","[1727913600000, 7466756757.723988]"
"[1728000000000, 0.9996586650449117]","[1728000000000, 35535204096.0077]","[1728000000000, 8195451264.988437]"
"[1728086400000, 1.000154290823877]","[1728086400000, 35524409952.279526]","[1728086400000, 7304740338.719871]"
"[1728172800000, 1.0001454383831712]","[1728172800000, 35573099708.407684]","[1728172800000, 2466417970.2368164]"
"[1728259200000, 0.9997285734511221]","[1728259200000, 35580052942.8453]","[1728259200000, 3096572454.1411476]"
"[1728345600000, 0.9992688411664346]","[1728345600000, 35242085528.54301]","[1728345600000, 6948982052.423024]"
"[1728432000000, 0.9998359426583653]","[1728432000000, 35071342091.97274]","[1728432000000, 7389205848.606531]"
"[1728518400000, 0.999377164094625]","[1728518400000, 34757768490.1838]","[1728518400000, 6476163193.066208]"
"[1728604800000, 1.0000210811357315]","[1728604800000, 34730888280.67188]","[1728604800000, 4009547233.5018234]"
"[1728691200000, 0.9999004586278163]","[1728691200000, 34979004704.95705]","[1728691200000, 5526279110.399864]"
"[1728777600000, 1.000139853222852]","[1728777600000, 35013385396.84485]","[1728777600000, 2077449228.7352443]"
"[1728864000000, 1.0004641631137807]","[1728864000000, 35033578112.61093]","[1728864000000, 1952214673.097645]"
"[1728950400000, 0.9997552078093631]","[1728950400000, 34873004621.79399]","[1728950400000, 7060275049.684546]"
"[1729036800000, 0.9993788589791789]","[1729036800000, 34871169010.300865]","[1729036800000, 5779657544.633955]"
"[1729123200000, 1.0000185755264832]","[1729123200000, 34830625347.27384]","[1729123200000, 6189486366.78208]"
"[1729209600000, 1.0000519041903995]","[1729209600000, 34763827936.673485]","[1729209600000, 4048377566.2082515]"
"[1729296000000, 1.000306610654406]","[1729296000000, 34978473375.436615]","[1729296000000, 5882010188.218529]"
"[1729382400000, 0.9999945031446472]","[1729382400000, 34984975390.86774]","[1729382400000, 1818077969.0511744]"
"[1729468800000, 1.0000566123623522]","[1729468800000, 35003128012.65646]","[1729468800000, 1797885100.2915385]"
"[1729555200000, 0.9995741903751171]","[1729555200000, 34685114568.68414]","[1729555200000, 5698778926.454166]"
"[1729641600000, 0.9998844803689325]","[1729641600000, 34589235622.7815]","[1729641600000, 4379148619.492675]"
"[1729728000000, 1.0000200383373299]","[1729728000000, 34367403085.32836]","[1729728000000, 5440172521.090719]"
"[1729814400000, 1.0005753419089458]","[1729814400000, 34465531330.77791]","[1729814400000, 5066176643.268088]"
"[1729900800000, 1.001684712545052]","[1729900800000, 34682613500.33333]","[1729900800000, 7082889688.987113]"
"[1729987200000, 0.999830678858966]","[1729987200000, 34673531948.64937]","[1729987200000, 3228136286.384603]"
"[1730073600000, 0.9996665695853105]","[1730073600000, 34662688084.151024]","[1730073600000, 2704589306.2888045]"
"[1730160000000, 0.9999192104430895]","[1730160000000, 34722611658.353836]","[1730160000000, 5943550127.0519905]"
"[1730246400000, 1.0008283509700115]","[1730246400000, 34869086064.34794]","[1730246400000, 11584902469.008572]"
"[1730332800000, 0.9997579040340304]","[1730332800000, 35044234801.26291]","[1730332800000, 5376135339.421057]"
"[1730419200000, 0.9993506998780415]","[1730419200000, 34768502652.29035]","[1730419200000, 5431844237.47076]"
"[1730505600000, 1.000328574865799]","[1730505600000, 34850376533.177536]","[1730505600000, 6944462382.463351]"
"[1730592000000, 1.0000890372721982]","[1730592000000, 34876377336.80025]","[1730592000000, 2519676703.4318743]"
"[1730678400000, 0.9999489034856368]","[1730678400000, 34913921510.015945]","[1730678400000, 4659615000.154963]"
"[1730764800000, 1.0002926242064671]","[1730764800000, 35087615971.60284]","[1730764800000, 8543953303.937154]"
"[1730851200000, 0.999193528021742]","[1730851200000, 35503318797.83393]","[1730851200000, 5535179843.189187]"
"[1730937600000, 0.9994813729362247]","[1730937600000, 36371497475.479065]","[1730937600000, 14801662017.358847]"
"[1731024000000, 0.9995934016557767]","[1731024000000, 36818643248.03752]","[1731024000000, 8487283267.919056]"
"[1731110400000, 0.999974468941803]","[1731110400000, 37189043776.10533]","[1731110400000, 7504815318.707504]"
"[1731196800000, 0.9990542963655565]","[1731196800000, 37023288968.02548]","[1731196800000, 6319781850.703466]"
"[1731283200000, 1.000349719147238]","[1731283200000, 36991236537.869316]","[1731283200000, 7538967462.14153]"
"[1731369600000, 0.9985881021566233]","[1731369600000, 36987329013.29875]","[1731369600000, 19822070280.555088]"
"[1731456000000, 1.0009692260831384]","[1731456000000, 36511923286.53499]","[1731456000000, 15722264200.05937]"
"[1731542400000, 0.9999531558582633]","[1731542400000, 36697997168.34931]","[1731542400000, 15169698511.371824]"
"[1731628800000, 1.0014551269553458]","[1731628800000, 36733576296.557]","[1731628800000, 16140852969.06616]"
"[1731715200000, 0.9996325994428762]","[1731715200000, 36888878219.04543]","[1731715200000, 6849238027.791858]"
"[1731801600000, 0.9998385825831348]","[1731801600000, 37114966813.79243]","[1731801600000, 4858909225.145837]"
"[1731888000000, 1.0003271757436543]","[1731888000000, 37154959455.948586]","[1731888000000, 5644473486.495455]"
"[1731974400000, 0.9998609255008111]","[1731974400000, 37424584133.440834]","[1731974400000, 7513893299.564986]"
"[1732060800000, 0.9998606473436922]","[1732060800000, 37297902572.896164]","[1732060800000, 8775793287.083256]"
"[1732147200000, 1.0007630360982596]","[1732147200000, 37710603331.33345]","[1732147200000, 13290924304.064957]"
"[1732233600000, 1.0000245886496726]","[1732233600000, 38180862910.77674]","[1732233600000, 11975912401.8098]"
"[1732320000000, 0.9999060813058415]","[1732320000000, 38842917922.3533]","[1732320000000, 10358118656.609379]"
"[1732406400000, 1.0002346376945765]","[1732406400000, 39021138674.70085]","[1732406400000, 7409221310.291787]"
"[1732492800000, 1.0004468241586646]","[1732492800000, 38981050694.614174]","[1732492800000, 5524290052.060476]"
"[1732579200000, 0.9986176579652258]","[1732579200000, 38659175709.55546]","[1732579200000, 16059284059.290922]"
"[1732665600000, 1.0005931150539005]","[1732665600000, 38651132095.94627]","[1732665600000, 9449854277.72285]"
"[1732752000000, 0.9997799588345422]","[1732752000000, 39492926655.16325]","[1732752000000, 9002989556.484661]"
"[1732838400000, 0.9999000322671704]","[1732838400000, 39387557115.01575]","[1732838400000, 7212135752.569348]"
"[1732924800000, 1.0003890779484927]","[1732924800000, 39807121251.94382]","[1732924800000, 7811745004.739941]"
"[1733011200000, 1.0001518991853688]","[1733011200000, 39898927279.74911]","[1733011200000, 4269993379.8820024]"
"[1733097600000, 0.9996548834724811]","[1733097600000, 39976806451.30924]","[1733097600000, 4484550359.574528]"
"[1733184000000, 1.0005985502531116]","[1733184000000, 39904493861.007675]","[1733184000000, 16291654894.92035]"
"[1733270400000, 0.9999198840712941]","[1733270400000, 39955279124.37602]","[1733270400000, 9874608517.420725]"
"[1733356800000, 0.9997734086990082]","[1733356800000, 40347104988.34608]","[1733356800000, 9050634996.865427]"
"[1733443200000, 1.0010341200658002]","[1733443200000, 40366885489.214325]","[1733443200000, 18443989450.35621]"
"[1733529600000, 0.999972499988638]","[1733529600000, 40571783401.72828]","[1733529600000, 13105976908.368202]"
"[1733616000000, 0.9986283938422416]","[1733616000000, 41217555347.17087]","[1733616000000, 8107123190.316794]"
"[1733702400000, 1.003412731505965]","[1733702400000, 41170483430.17103]","[1733702400000, 7145091396.798287]"
"[1733788800000, 1.0003411047383342]","[1733788800000, 40698046919.13062]","[1733788800000, 10062624206.296335]"
"[1733875200000, 0.9990051104970505]","[1733875200000, 40823137395.52798]","[1733875200000, 11884848237.024572]"
"[1733961600000, 0.9989054722502628]","[1733961600000, 41501545454.90512]","[1733961600000, 9065555229.19397]"
"[1734048000000, 0.9999851467027848]","[1734048000000, 41502192919.409355]","[1734048000000, 14654627072.542006]"
"[1734134400000, 1.0003104763142294]","[1734134400000, 41992638645.29033]","[1734134400000, 4848016667.199972]"
"[1734220800000, 0.9997408085684555]","[1734220800000, 41984734433.14011]","[1734220800000, 8071503113.289228]"
"[1734307200000, 0.9997827838158164]","[1734307200000, 42123501126.10943]","[1734307200000, 5501615754.344043]"
"[1734393600000, 1.0009019859636064]","[1734393600000, 42390179646.952484]","[1734393600000, 12293314067.201551]"
"[1734480000000, 0.999203329887552]","[1734480000000, 42538482548.74435]","[1734480000000, 13725722686.356173]"
"[1734566400000, 0.9995277676875878]","[1734566400000, 42315907910.95439]","[1734566400000, 12819462833.079561]"
"[1734652800000, 0.9995031727509269]","[1734652800000, 42362560809.757034]","[1734652800000, 12393658822.409298]"
"[1734739200000, 1.000929756261089]","[1734739200000, 42553436606.53612]","[1734739200000, 10232931826.088472]"
"[1734825600000, 1.0006434640693196]","[1734825600000, 42930532545.81555]","[1734825600000, 4781777386.773908]"
"[1734912000000, 0.9995962407018847]","[1734912000000, 43001900408.14412]","[1734912000000, 3914844527.9718933]"
"[1734998400000, 0.9998322611404102]","[1734998400000, 43100541615.209206]","[1734998400000, 6422440568.375267]"
"[1735084800000, 1.0010360931872067]","[1735084800000, 43174870938.69003]","[1735084800000, 5110878978.384367]"
"[1735171200000, 1.000480391268751]","[1735171200000, 43280465178.61851]","[1735171200000, 5662386242.0534]"
"[1735257600000, 1.0000556801457028]","[1735257600000, 43504839902.39994]","[1735257600000, 4473507378.45386]"
"[1735277823000, 1.0005830024556461]","[1735277823000, 43484011581.281815]","[1735277823000, 4901629543.25189]"
